fold,model_type,units,learning_rate,dropout,accuracy,precision_macro,recall_macro
1,LSTM,64-128,0.0005,0.2,0.9906477312088673,0.9763321585585849,0.9772583323487057
2,LSTM,64-128,0.0005,0.2,0.996666089366124,0.9898781444484996,0.9899578752319119
3,LSTM,64-128,0.0005,0.2,0.9961465188777278,0.996430425212019,0.9932214755406299
4,LSTM,64-128,0.0005,0.2,0.9897817803948735,0.9894176405408242,0.9825987434193424
5,LSTM,64-128,0.0005,0.2,0.9854520263249047,0.9733450136385966,0.9713661110573264
