fold,model_type,units,learning_rate,dropout,accuracy,precision_macro,recall_macro
1,LSTM,64-128,0.0005,0.2,0.9955836508486318,0.9822425569922049,0.9821119961066188
2,LSTM,64-128,0.0005,0.2,0.97778836162106,0.9787769825654917,0.969659439392312
3,LSTM,64-128,0.0005,0.2,0.9957135434707308,0.9887341219848316,0.9858617992408785
4,LSTM,64-128,0.0005,0.2,0.9952372705230343,0.9820065262792343,0.982125370180817
5,LSTM,64-128,0.0005,0.2,0.9929857984066505,0.986559023778536,0.984822452242769
